brand,recommended_artist,artist_persona,artist_past_endorsement,recommendation_reason,similar_artist
舒跑S,yellow黃宣,黃宣（YELLOW）是台灣的一位創作男歌手、音樂製作人和演員。他以強烈的個人風格和表演魅力著稱。黃宣的個性是外向、愛現、表演慾強，擁有快速清晰的語速和強烈的風格。他害怕無聊，喜歡熱鬧，常與其他歌手合作。黃宣的形象充滿自信和幽默，尤其在主持紅毯時展現出色。他的人格特質是聰明機智，總是保持活潑的氣氛。,"crashbaggage, puma",黃宣適合代言舒跑的原因有二：一是他具有音樂鬼才與新世代偶像的形象，能夠吸引年輕族群；二是他常參與街舞等運動，與舒跑的運動補水功能相契合，能讓產品與其個人特質建立連結。,"陳勢安,陳零九,盧廣仲,鼓鼓呂思緯 "
舒跑S,韋禮安,韋禮安是一位臺灣創作歌手，出生於1987年3月5日。他的個性以創作力強、內省為主，常以真摯的情感表達創作歌曲。形象上，他給人以溫和、低調的印象，注重音樂本身。人格特質方面，韋禮安勤奮且堅持自己的音樂理念，曾獲得多項音樂獎項，如金曲獎最佳新人獎和最佳作曲人獎。,"citizen,edifier,基督教救助協會,蔡司,霓淨思","強調「清爽」與「補給」： 韋禮安曾代言過其他以「清爽」為賣點的飲料品牌。他清爽、無負擔的個人形象，能有效傳達舒跑S在運動補給之外，也能帶來清爽暢快的飲用體驗。
代言可信度高： 韋禮安的正面形象和良好口碑，能提高消費者對產品的信任度。當他推薦舒跑S時，消費者會更願意相信產品的功效與品質，進而影響購買意願。","鼓鼓呂思緯,林宥嘉,陳勢安,瘦子e.so"
舒跑S,江宏傑,江宏傑是一位台灣桌球選手，曾獲得多項國際賽事冠軍，如2009年世界大學運動會桌球混合雙打和男子單打金牌。他在國際桌壇上逐漸打出名聲，具有穩定的球技和不斷進步的精神。江宏傑的個性和形象以勤奮和堅韌著稱，能在逆境中找到突破點。他的人格特質包括毅力和適應能力，能在不同環境中發揮出色。,"台灣運動產業博覽會,美舒律","桌球國手經歷： 江宏傑曾是台灣的奧運桌球國手，長年的專業訓練讓他深知運動員對於水分與電解質補充的需求，能夠為舒跑S的補給功能提供專業背書，增加消費者信賴感。
「全力以赴」的精神： 舒跑S近年主打「全力以赴，你會很酷」的口號。江宏傑從桌球選手到領隊，甚至經歷過人生低谷後東山再起，其堅持不懈、全力以赴的運動員精神，與品牌理念高度契合。","林柏宏,陳漢典,李友廷"
舒跑S,陳漢典,陳漢典是一位台灣演員、主持人和喜劇演員，生於1984年7月6日。他以模仿和搞笑表演聞名，曾在多個綜藝節目中擔任綠葉角色。陳漢典的個性開朗，擅長模仿，具有強大的抗壓能力和正向思考。他在演藝圈中扮演多種角色，但在真實生活中顯得較為內向。他的家庭環境和正向思考觀念對他的心理素質有重要影響。,"久光製藥,流浪方舟,斬妖,撒隆巴斯",他憑藉著獨特的個人風格、近年來在演藝事業上的突破，以及持續不懈的努力，能為品牌帶來意想不到的差異化宣傳效果。,"邰智源,玖壹壹,張立東,無尊"
舒跑S,瘦子e.so,瘦子E.SO（本名陳昱榕）是臺灣的饒舌歌手與演員，出生於1987年9月30日。他以頑童MJ116成員身分活躍於音樂圈。瘦子個性直率，常以真實態度表達自己。他的形象充滿霸氣與真誠感，尤其在家庭生活中展現出溫柔的一面。他保護家人，特別是妻子與女兒，展現出責任感與愛心。,"citiesocial,hp,omega,puma,shareco,米克邦,歐肯",瘦子E.so適合代言舒跑S的原因，主要在於其「不設限、忠於自我」的態度，與品牌訴求的「全力以赴」精神不謀而合。他從嘻哈歌手到跨足綜藝、電影，持續挑戰自我；加上他長期健身、維持體態，其健康、自律的形象，能說服年輕族群信賴產品的運動補給效果。他的潮流與自信魅力，也能為品牌注入新潮感，吸引更廣泛的年輕消費者。,"鼓鼓呂思緯,韋禮安,許光漢,周湯豪"
舒跑S,劉冠廷,劉冠廷是一位臺灣新生代男演員，出生於1988年11月11日。他在國立臺灣藝術大學戲劇學系畢業後，曾擔任體育老師，後參加「Q Place表演教室」課程訓練，逐漸在影視圈嶄露頭角。劉冠廷以其細膩的演技和多變的角色詮釋而聞名，曾獲得多項獎項，如金鐘獎和金馬獎最佳男配角。他個性勤奮，對演技有深厚的熱情和投入。在《火神的眼泪》中，他飾演的林義陽角色展現了他對角色深入理解和詮釋的能力。,"小林眼鏡,白蘭氏,春水堂",他樸實、認真、不矯揉造作的形象，能展現出運動後真實補給的必要性，而非華而不實的形象包裝。劉冠廷透過戲劇作品累積的深厚群眾好感度，也能有效擴大品牌受眾，傳遞「努力後必有收穫」的理念，與舒跑S「全力以赴」的品牌精神完美契合。,"鳳小岳,陳零九,趙又廷"
舒跑S,陳勢安,陳勢安是一位來自馬來西亞的男歌手，出生於1984年。他自稱為「音樂雜食性動物」，被譽為「情歌王子」和「K歌歌王」。他個性不服輸，對音樂充滿熱情，擁有厚實的聲線和高辨識度。陳勢安的形象以實驗性音樂風格為特點，常融合多種音樂元素。他的人格特質包括虛心學習和堅毅不屈的精神，對音樂創作充滿熱誠。,hbl高中籃球聯賽,陳勢安長期投入健身，練就精實體態，其健康、自律的形象與舒跑S的運動補給功能完美契合。他的音樂事業歷經起伏，卻始終保持熱忱，這份「全力以赴、堅持不懈」的勵志精神，呼應品牌強調的「你會很酷」態度。此外，他近年展現更多元樣貌，能吸引更廣泛的消費群，而其獨特的「情歌王子」魅力，更可為品牌增添親和力與話題性。,"yellow黃宣,陳零九,李友廷,邱鋒澤"
舒跑S,林昀儒,林昀儒是中華民國的桌球運動員，出生於臺灣宜蘭縣，最高單打世界排名第五。他以冷靜、合理的打球風格著稱，性格低調，表情不多，但進攻時毫不含糊。他被稱為「沉默殺手」，因其在球場上從不大喊大叫，保持穩定的心理素質。林昀儒的成就包括多次國際賽冠軍和獎牌，包括東京奧運銅牌。,杏輝醫藥集團,林昀儒沉穩內斂的「沉默殺手」形象，與舒跑S主打的「快速補水、迅速恢復」專業運動機能訴求相符。他在賽場上展現的堅毅不懈精神，正好呼應了產品幫助使用者突破極限的品牌精神，能吸引追求專業表現的年輕客群。此外，他清新的形象也具備高人氣與親和力，能有效提升產品的信賴感與好感度。,周天成
舒跑S,趙又廷,趙又廷是一位台灣、加拿大籍的男演員，出生於1984年9月25日。他以《痞子英雄》獲得第44屆金鐘獎最佳男主角而成名。趙又廷的個性以**家教良好**、**性格好**著稱，很少失態。他擁有**完美主義**和**強迫症**的一面，但在演藝圈中保持著**和諧**與**知性**的形象。趙又廷重視**家庭**和**閱讀**，並以**平和**的態度對待生活和演藝事業。,boss,趙又廷成熟、沉穩、正向的形象，與舒跑S強調的專業、可靠機能感高度契合。他健康陽光的生活態度，以及對家庭、事業的認真負責，不僅樹立了值得信賴的公眾形象，更能有效傳遞產品「全力以赴」的品牌精神。同時，他穩重不失親和力的魅力，有助於擴大產品在不同年齡層間的受眾，提升大眾對產品的信賴度與好感度。,"阮經天,柯震東"
舒跑S,林柏宏,林柏宏是一位臺灣演員、歌手和主持人，出生於臺北市。他以第53屆金馬獎最佳男配角得主而聞名。林柏宏的個性和形象在演藝圈中被認為是多才多藝且富有魅力。他曾有意成為化學老師，後因參賽被星探挖掘而踏入演藝圈。他的人格特質展現出對工作的熱情和多元化的才華。,"giorgioarmani,ray-ban,台灣世界展望會,立頓",林柏宏陽光、健康、充滿活力的形象，完美契合舒跑S強調的運動機能與活力感。他憑藉對演戲的熱情與不斷突破自我的精神，無論在事業或私下運動習慣上都展現出堅持不懈的態度，能有效傳達品牌「全力以赴」的品牌精神。同時，他自然、親民的國民男友氣質，也能拉近與消費者的距離，有效吸引廣大的年輕族群。,"韋禮安,江宏傑,林宥嘉 "
理膚寶水,田馥甄,田馥甄（Hebe Tien）是臺灣著名的女歌手與演員，出生於1983年3月30日。她是女子演唱團體S.H.E的成員之一。田馥甄以其自信、堅韌的形象和清新優美的歌聲聞名。她的個性溫暖親切，人格特質中展現出勇敢與獨立的精神。她在音樂與演藝領域獲得多項獎項，深受觀眾喜愛。田馥甄的音樂風格多樣，常以真摯的情感與獨特的詮釋方式打動聽眾。,"citizen, HOROYOI微醉,Milcolla",自然純粹、不完美但真實的形象。田馥甄坦承自己是敏感性膚質，會因換季或作息而有泛紅狀況，這讓她與理膚寶水主打的敏感肌修護產品產生真實連結。她倡導「保養不龜毛、不追求完美」的自在態度，與品牌重視溫和修護的理念契合，有效吸引追求真實、自信美的消費者。,"簡嫚書,謝欣穎,郭書瑤,徐佳瑩"
理膚寶水,柯佳嬿,柯佳嬿是一位臺灣女演員，出生於1985年1月10日。她的形象清純，常被稱為「臺灣小桂綸鎂」。她在演藝圈中以多樣化的角色展現出色表現，例如在《必娶女人》和《想見你》中榮獲金鐘獎。柯佳嬿的個性與人格特質體現在她對角色深入的理解與投入，常能在演出中展現出真摯的情感與細膩的演技,"資生堂,凡士林",柯佳嬿的氣質與理膚寶水的「純粹、溫和、修護」品牌調性高度契合。她擁有自然的膚質和高好感度，能有效傳達產品的安心感。柯佳嬿曾提及自己是敏感肌，會因換季泛紅，並認同保養應「傾聽肌膚聲音」，這份真實且不追求完美的保養觀念，使她能與許多敏感肌消費者產生共鳴，強化品牌解決肌膚問題的專業形象。她的知性與從容，也為品牌增添了信賴感。,"白家綺,桂綸鎂,邵雨薇,許瑋甯"
理膚寶水,邵雨薇,邵雨薇是一位臺灣女演員、歌手兼作家，生於1989年9月21日。她的個性以甜美清新著稱，擁有多變的演藝形象。除了演技，她還挑戰歌手和作家身份，出版過書籍並創辦個人雜誌《Vénus》。她熱愛復古小物，對文字寫作有深厚的興趣，常與粉絲分享人生哲學。邵雨薇的形象以活潑和創造力為特點，展現出多才多藝的一面。,"d+af,hyd品宅趣,paula’schoice寶拉珍選,spgame",邵雨薇適合代言理膚寶水的原因在於，她兼具甜美與清新的形象，與品牌的溫和調性相符。她經常分享自己的保養習慣，展現對肌膚保養的重視與專業知識，有助於傳達理膚寶水針對敏感肌的專業修護形象。此外，她從不吝於分享生活點滴，其真實自然的態度，能與追求溫和、有效保養的消費者建立深厚共鳴，提升品牌好感度。,"柯佳嬿,徐凱希,張景嵐"
理膚寶水,桂綸鎂,桂綸鎂是一位台灣女演員，1983年12月25日出生，畢業於淡江大學法國語文學系。她的個性和形象以獨立自主、敢於挑戰社會價值觀為特點。桂綸鎂在演藝生涯中展現了多樣的演技，尤其在《女朋友·男朋友》中獲得金馬獎最佳女主角。她的人格特質包括堅強、自信，以及對社會議題的關注和參與。,資生堂,桂綸鎂的氣質清新、簡約且知性，與理膚寶水專業、溫和的品牌調性完美契合。她多年來維持自然真實的形象，不追求浮誇華麗，能有效傳達品牌「專為敏感肌研發、安心修護」的核心理念。桂綸鎂深具高雅品味與良好信譽，能提升消費者對產品專業度的信任感，並吸引追求質感生活的客群，讓保養回歸純粹、簡單的本質。,"柯佳嬿,許瑋甯,郭書瑤"
理膚寶水,新垣結衣,新垣結衣是一位日本女演員、歌手及模特兒，出生於沖繩縣那霸市。她的個性以活潑和親和力著稱，形象清新自然。人格特質方面，她展現出勤奮和多才多藝，同時在演藝圈中保持低調和謙虛的態度。她的代表作品包括《戀空》、《王牌大律師》等，近年與星野源結婚後以個人身份繼續活動。,"asahi,雪肌精","新垣結衣適合代言理膚寶水，主要在於她的「透明感」和「自然派」氣質，與品牌強調的溫和、安心保養理念完美契合。她長期維持的高好感度及無瑕膚況，能有效說服消費者理膚寶水的溫和修護效果。這種不追求過度修飾的真實形象，讓產品顯得更值得信賴，能吸引廣大希望擁有健康肌膚、追求自然美的客群。

","長澤雅美,松浦亞彌,徐睿知,邵雨薇"
理膚寶水,長澤雅美,長澤雅美是一位日本女演員，出生於1987年6月3日，於2000年出道。她以可愛的圓潤臉蛋和開朗的笑容著稱，初期多飾演清純角色。近年來，她的演技路線逐漸拓寬，展現出奔放和搞笑的一面。長澤雅美的個性形象以敬業和多才多藝為主，她在演藝圈中享有「東寶甜心」、「東寶公主」的美譽。她的人格特質包括積極進取和對工作的熱情。,資生堂,長澤雅美適合代言理膚寶水，主要在於她的「氣質洗鍊、肌膚狀態穩定」，與品牌專業、高效修護的形象高度契合。她多年來以內外兼具的知性美著稱，即使年齡增長，仍維持自然透亮的膚質。這能有效傳遞理膚寶水「穩定膚況、修護肌底」的產品特點，說服消費者即使在多變的生活與壓力下，也能擁有健康膚質。她的高雅形象也提升了品牌的信賴感。,"新垣結衣,桂綸鎂,邵雨薇,有村架純"
理膚寶水,吳姍儒,吳姍儒是台灣知名主持人，為吳宗憲的長女。她以活力十足的形象著稱，曾與父親合作獲得金鐘獎。吳姍儒個性自律，對自己要求高，但也懂得自我調節。她重視寫作作為自我療癒的工具，展現出深思熟慮的人格特質。她的形象不僅是主持人，也是一位作家和深思熟慮的人。,"darphin,jetpeel潔比爾,家扶基金會,興富發,paula’schoice寶拉珍選",她之所以適合代言，在於其「知性、親和且不完美的真實」形象。她曾坦承自己因過敏有膚況不穩困擾，這能與廣大敏感肌消費者產生共鳴。吳姍儒從容優雅卻又帶點幽默的氣質，能以平易近人的方式傳遞理膚寶水「溫和、專業、有效修護」的品牌理念，強化產品的信賴感與親和力。 ,"郭書瑤,小禎,張景嵐,李千娜"
理膚寶水,陳庭妮,陳庭妮（Annie Chen）是一位台灣女演員，1989年4月28日出生於台中。她以模特兒出道，後來轉向演藝圈，主演多部電視劇和電影，如《桃花小妹》、《真愛找麻煩》等。陳庭妮個性樂天，形象溫暖親切，擁有招牌笑容。她對自己要求高，對演技有深刻的追求，常常在角色中展現出成長和突破。她的人格特質是執著和自我要求高，同時也善於與他人合作，珍惜集體創作的經驗。,台灣世界展望會,陳庭妮健康、自然的形象，與理膚寶水強調「皮膚醫學專家」的專業、安全、溫和調性完美契合。她長期透過運動和健康飲食維持的良好膚況，能有效傳達品牌帶來的健康美肌效果。此外，陳庭妮在大眾心目中正向、認真且不浮誇的特質，也能為以敏感肌為核心客群的理膚寶水，建立更高的信賴感與好感度。,
理膚寶水,温貞菱,温貞菱是一位臺灣女演員，出生於1992年10月23日。她的個性獨特，演技多樣，曾以《曉之春》獲得金鐘獎最佳女配角獎，並以《最後的詩句》成為最年輕的金鐘獎迷你劇集女主角獎得主。她具有多國血統，擁有多語能力，對攝影和探索生活充滿熱情。她的形象以清新和獨立為特點，人格特質則是堅強、好奇和多才多藝。,"asics,fit night out美力運動派對",溫貞菱熱愛大自然、熱衷戶外運動的形象，與理膚寶水強調「皮膚醫學專業、溫和、安全」的調性高度契合。她經常上山下海，肌膚仍能維持健康狀態，正是品牌產品能有效對抗外在環境刺激、修護肌膚的最佳見證。此外，溫貞菱散發的文藝知性氣質，以及真實、不造作的個性，更能為注重專業和天然的理膚寶水，建立真誠且值得信賴的品牌形象，吸引追求自然與高品質的消費客群。,"許瑋甯,桂綸鎂,徐睿知"
理膚寶水,王心凌,王心凌（Cyndi Wang）是台湾的一位女歌手和演员，出生于1982年9月5日。她以甜美的歌声和活泼的舞步而闻名，被誉为“甜蜜教主”。王心凌的个性和形象通常被描述为阳光、积极、亲切，通过多部偶像剧和音乐专辑展现出她的多才多艺。她的人格特质包括勤奋和创造力，通过不断的音乐和演艺作品获得广泛认可。,潘朵拉:命運先知,王心凌凍齡的「甜心教主」形象，與理膚寶水強調的「專業修護、維持健康膚況」理念不謀而合。她出道多年仍保有少女般的透亮膚質，代表了品牌能有效對抗歲月痕跡、維持肌膚年輕健康的實證。此外，她不懈努力、逆風翻紅的堅韌精神，也呼應了品牌持續專注於皮膚醫學的專業態度，能吸引對保養有深度追求的客群。她的高人氣與影響力，則能有效提升產品討論度與信任感。,"徐若瑄,戴愛玲,謝金燕"
三星,蔡依林,蔡依林（Jolin Tsai）是臺灣著名的流行歌手，被譽為「亞洲流行天后」。她以大膽多變的時尚風格和豐富的舞曲聞名。蔡依林個性謙虛勤奮，勇於創新，對音樂和表演充滿熱情。她的公眾形象是時尚前衛，同時擁有強大的抗壓能力，能將批評轉化為動力。她的音樂風格多樣，從流行舞曲到電子、搖滾等，展現出她在音樂上的大膽嘗試和創新精神。,"bvlgari,elixir怡麗絲爾,gap,m.a.c,majormade,valentino,三星,沙宣(vssassoon),麥當勞,暗黑破壞神,暴雪娛樂,寶格麗","蔡依林之所以適合代言三星手機，是因她身為華語樂壇天后，擁有廣泛的知名度和跨世代的影響力。她時尚、百變、勇於創新的形象，與三星追求科技領先和設計感的核心價值相符。蔡依林個人對科技產品的高度興趣，以及她不斷超越自我的「呸姐」精神，能有效傳達三星手機的創新功能和高性能。這份強大的號召力，能吸引年輕族群和科技愛好者的目光，成功將品牌形象與天后魅力連結。

","謝金燕,安室奈美惠,賈永婕"
三星,賈靜雯,賈靜雯（Alyssa Chia）是一位台灣女演員、製作人、節目主持人。她的個性以堅韌和毅力著稱，曾在父親生病期間面臨重大的生活挑戰。她的形象多面，從早期的兒童節目主持到後來的古裝劇女主角，展現出多樣的演技。人格特質方面，她展現出強大的責任感和情感深度，尤其在面對家庭困難時的勇敢和決斷力。,"哈根達斯,喜樂纖,蟻族奇兵antwars","賈靜雯的形象兼具國民度、親和力與高質感，能有效提升品牌在大眾心中的好感度與信賴感，並觸及多元客群。

","王宇婕,李蒨蓉,林心如,小s徐熙娣,林依晨"
三星,李孝利,李孝利是韓國著名的女歌手和演員，出生於1979年5月10日。1998年，她以Fin.K.L.隊長身份出道，後於2003年開始個人演藝生涯，憑藉《10 Minutes》等歌曲獲得多項大獎，並被稱為「國民妖精」。她以性感和自信的形象聞名，曾主持多個熱門綜藝節目，並在廣告代言領域取得成功，被譽為「CF女王」。李孝利的個性和人格特質包括自信、創造力和多才多藝。,圃美多,李孝利適合代言三星手機，因為她曾是三星「Anycall」手機系列的經典代言人，擁有深厚的品牌連結和信賴感。她的性感、時尚且帶有酷帥個性的形象，與三星追求引領潮流、不拘一格的科技定位非常契合。李孝利身為「國民妖精」的魅力跨越世代，能吸引不同年齡層的消費者。重新攜手不僅能喚起大眾對昔日情懷的共鳴，也彰顯品牌經典不敗的魅力與創新精神。,"小s徐熙娣,janet謝怡芬"
三星,林依晨,林依晨（Ariel Lin）是臺灣著名的女演員和歌手，出生於1982年10月29日。她的形象以溫柔、親切著稱，人格特質中展現出勤奮和堅韌。林依晨在演藝圈中以多部經典偶像劇聞名，如《惡作劇之吻》和《我可能不會愛你》，並兩次獲得金鐘獎最佳女主角獎。她在個人生活中也展現出積極樂觀的態度，於2014年與林於超結婚，並育有一女。,"avilas服飾,福特汽車,piovino,小米,保誠人壽",林依晨以其清新、自然且「零負評女神」的正面形象深植人心，與三星手機追求創新科技與人性化設計的品牌理念相符。她的形象橫跨不同年齡層，能吸引廣泛的消費者，特別是注重生活質感與實用性的族群。此外，她長期經營的知性、優雅與專業感，能有效襯托出三星手機的質感與高性能，讓消費者感受到品牌的可靠與值得信賴。,"selina任家萱,關穎,曾莞婷"
三星,謝金燕,謝金燕是台灣著名的流行音樂女歌手，為豬哥亮的女兒。她以台語流行音樂為主，擅長演唱電音舞曲。謝金燕的個性堅韌不拔，曾在車禍後靠意志力康復。她的形象充滿活力，常被稱為「台語電音天后」。人格特質上，她展現出強大的自信和創造力，作品常帶有幽默和前衛風格。,"神蹟:血舞者,媚登峯,蝦皮購物",謝金燕以「電音天后」和「凍齡女神」的形象著稱，其熱情、活力四射的舞台魅力，能吸引年輕和跨世代的族群。她時尚前衛的造型，與三星手機強調創新科技和設計感的品牌精神不謀而合。此外，謝金燕勇於突破、不斷進化的「姐姐」精神，能有效傳達三星產品的不斷創新和高性能。她的神祕感和高話題性，更能創造品牌聲量和關注度。,"關穎,賈永婕,曾莞婷"
三星,林志玲,林志玲是一位臺灣女藝人，出生於台北市，畢業於加拿大多倫多大學，主修西方美術史和經濟學。她以模特、主持人、演員、歌手多重身份聞名。林志玲的個性內向，情商高，重視精神共鳴，自律性強，熱心公益。她的形象優雅，人格特質為高情商和高智商，深受觀眾喜愛。她在娛樂圈中保持了長久的影響力，常被譽為「女神」。,"giorgioarmani,neo,sony,tasaki,三菱重工空調,田原香,浪琴表","林志玲的優雅知性與高情商形象，與三星手機強調質感、創新與高階品味的品牌調性高度契合。她廣受各年齡層消費者喜愛，能有效拓展市場，特別是吸引追求生活美學和高品質科技產品的客群。此外，林志玲身為「國民姊姊」的正面影響力，能為品牌建立信賴感，傳遞三星手機的可靠性與人性化設計。她的國際知名度，也有助於提升品牌在亞洲市場的影響力。

","湯唯,楊謹華,舒淇,侯佩岑,隋棠"
三星,林心如,林心如是臺灣著名的女演員、歌手及影視製作人。她以多才多藝和堅韌不拔的性格聞名。林心如在演藝圈中塑造了多樣化的角色形象，如《還珠格格》中的夏紫薇和《美人心計》中的竇漪房。她的個人形象以獨立、堅強和智慧著稱，並在事業上不斷突破自我。她的人格特質包括善於適應與創新，深受觀眾喜愛。,"spgame,vanish漬無蹤,花漾皙,長安養城記,家扶基金會,喜憨兒基金會,富士通空調,菲仕美整形外科診所",林心如的形象溫婉、知性且富有親和力，與三星手機強調人性化設計與可靠品質的品牌調性相符。她從演員轉型為製作人，不斷突破自我的經歷，能有效傳達三星手機持續創新的精神。此外，林心如在華人市場有深厚影響力與良好聲譽，能為品牌帶來廣泛的信賴感，吸引注重生活品質和家庭用戶的客群。,"李蒨蓉,賈靜雯,劉芯彤,曾寶儀"
三星,張鈞甯,張鈞甯是一位出生於德國慕尼黑的台湾女演員，1982年9月4日出生。她以清新優雅的形象著稱，個性獨立且充滿學術氣息。張鈞甯在演藝生涯中兼顧學業，曾就讀國立中央大學產業經濟研究所，並於2010年取得碩士學位。她的代表作品包括《白色巨塔》、《武媚娘傳奇》等，展現出她在演技上的多才多藝和深度。,"hoii,凡人修仙傳m,台灣世界展望會",張鈞甯知性、專業、自律的形象，與三星手機強調的科技領先、智慧功能和高品質調性高度契合。她熱愛運動、追求卓越的生活態度，能有效傳達品牌不斷突破創新、提供卓越用戶體驗的精神。此外，她獨特優雅的氣質，能為產品賦予高端、精品的質感，吸引追求品味與質感的消費客群。她的高人氣與正面形象，也能有效提升三星品牌的信賴感與好感度。,"隋棠,曾莞婷,關穎"
三星,郭書瑤,郭書瑤是一位臺灣女演員、主持人、歌手，暱稱瑤瑤。她的個性堅毅，曾為家庭經濟而放棄學業，努力打拼。形象上，她以性感和活潑著稱，尤其在2009年的「殺很大」廣告中爆紅。人格特質方面，她勤奮努力，對工作充滿熱情，同時也關心家庭和社會影響力。,"omix歐米,伊麗絲名床,捷運盃街舞大賽",郭書瑤從昔日的「宅男女神」到今日的金馬獎得主，其不斷蛻變、突破自我的經歷，與三星手機持續創新、挑戰科技極限的品牌精神相呼應。她多才多藝、跨足影歌視的表現，象徵三星手機多元且強大的功能性。同時，她親切、率真又努力不懈的形象，能拉近與廣大消費者的距離，吸引年輕且追求進步的客群，有效提升品牌活力與好感度。,"陳庭妮,郭雪芙,許瑋甯"
三星,宋慧喬,宋慧喬是一位著名的韓國女演員和模特兒，出生於1981年11月22日。她以多部熱門韓劇如《太陽的後裔》、《浪漫滿屋》和《黑暗榮耀》而聞名。她的個性和形象以優雅、親和力強著稱，演技精湛，常飾演情感豐富的角色。宋慧喬的形象深受觀眾喜愛，她在演藝圈中被視為一位才華橫溢且富有魅力的藝人。,"chaumet,fendi,fitflop,mirae未來美,雪花秀",宋慧喬優雅、知性且具有國際級影響力的形象，與三星手機的高端、專業與創新科技定位契合。她在演藝圈多年累積的深厚資歷，賦予了品牌高度信賴感和公信力。同時，宋慧喬的高級時尚品味，能為三星手機注入精品格調，吸引追求質感與品味的高端客群。她的魅力跨越國界與年齡層，能有效擴大品牌的全球市場影響力。,"全智賢,孔曉振,舒淇,潤娥"